CREATE DATABASE  IF NOT EXISTS `agenda` /*!40100 DEFAULT CHARACTER SET latin1 */;
USE `agenda`;
-- MySQL dump 10.13  Distrib 5.7.12, for Win64 (x86_64)
--
-- Host: localhost    Database: agenda
-- ------------------------------------------------------
-- Server version	5.7.17-log

/*!40101 SET @OLD_CHARACTER_SET_CLIENT=@@CHARACTER_SET_CLIENT */;
/*!40101 SET @OLD_CHARACTER_SET_RESULTS=@@CHARACTER_SET_RESULTS */;
/*!40101 SET @OLD_COLLATION_CONNECTION=@@COLLATION_CONNECTION */;
/*!40101 SET NAMES utf8 */;
/*!40103 SET @OLD_TIME_ZONE=@@TIME_ZONE */;
/*!40103 SET TIME_ZONE='+00:00' */;
/*!40014 SET @OLD_UNIQUE_CHECKS=@@UNIQUE_CHECKS, UNIQUE_CHECKS=0 */;
/*!40014 SET @OLD_FOREIGN_KEY_CHECKS=@@FOREIGN_KEY_CHECKS, FOREIGN_KEY_CHECKS=0 */;
/*!40101 SET @OLD_SQL_MODE=@@SQL_MODE, SQL_MODE='NO_AUTO_VALUE_ON_ZERO' */;
/*!40111 SET @OLD_SQL_NOTES=@@SQL_NOTES, SQL_NOTES=0 */;

--
-- Table structure for table `categorias`
--

DROP TABLE IF EXISTS `categorias`;
/*!40101 SET @saved_cs_client     = @@character_set_client */;
/*!40101 SET character_set_client = utf8 */;
CREATE TABLE `categorias` (
  `idcategorias` int(11) NOT NULL AUTO_INCREMENT,
  `nombre` varchar(45) DEFAULT NULL,
  `descripcion` varchar(45) DEFAULT NULL,
  PRIMARY KEY (`idcategorias`)
) ENGINE=InnoDB AUTO_INCREMENT=7 DEFAULT CHARSET=latin1;
/*!40101 SET character_set_client = @saved_cs_client */;

--
-- Dumping data for table `categorias`
--

LOCK TABLES `categorias` WRITE;
/*!40000 ALTER TABLE `categorias` DISABLE KEYS */;
INSERT INTO `categorias` VALUES (1,'Programador','El currito'),(2,'Analísta','El diagramas'),(3,'Técnico Recursos Humanos','La que me paga'),(4,'Secretaria','La del café'),(5,'Recepcionista','El del café'),(6,'Master del Universo','El amo');
/*!40000 ALTER TABLE `categorias` ENABLE KEYS */;
UNLOCK TABLES;

--
-- Table structure for table `departamentos`
--

DROP TABLE IF EXISTS `departamentos`;
/*!40101 SET @saved_cs_client     = @@character_set_client */;
/*!40101 SET character_set_client = utf8 */;
CREATE TABLE `departamentos` (
  `iddepartamento` int(11) NOT NULL AUTO_INCREMENT,
  `nombre` varchar(45) DEFAULT NULL,
  PRIMARY KEY (`iddepartamento`)
) ENGINE=InnoDB AUTO_INCREMENT=5 DEFAULT CHARSET=latin1;
/*!40101 SET character_set_client = @saved_cs_client */;

--
-- Dumping data for table `departamentos`
--

LOCK TABLES `departamentos` WRITE;
/*!40000 ALTER TABLE `departamentos` DISABLE KEYS */;
INSERT INTO `departamentos` VALUES (1,'RRHH'),(2,'Informática'),(3,'Logística'),(4,'Dirección');
/*!40000 ALTER TABLE `departamentos` ENABLE KEYS */;
UNLOCK TABLES;

--
-- Table structure for table `direcciones`
--

DROP TABLE IF EXISTS `direcciones`;
/*!40101 SET @saved_cs_client     = @@character_set_client */;
/*!40101 SET character_set_client = utf8 */;
CREATE TABLE `direcciones` (
  `iddirecciones` int(11) NOT NULL AUTO_INCREMENT,
  `direccion` varchar(45) NOT NULL,
  `codPostal` varchar(45) NOT NULL,
  `localidad` varchar(45) NOT NULL,
  `provincia` varchar(45) NOT NULL,
  `idPersona` int(11) DEFAULT NULL,
  PRIMARY KEY (`iddirecciones`),
  KEY `FK_dir_persona` (`idPersona`),
  CONSTRAINT `FK_dir_persona` FOREIGN KEY (`idPersona`) REFERENCES `personas` (`idpersonas`) ON DELETE CASCADE ON UPDATE CASCADE
) ENGINE=InnoDB AUTO_INCREMENT=10 DEFAULT CHARSET=latin1;
/*!40101 SET character_set_client = @saved_cs_client */;

--
-- Dumping data for table `direcciones`
--

LOCK TABLES `direcciones` WRITE;
/*!40000 ALTER TABLE `direcciones` DISABLE KEYS */;
INSERT INTO `direcciones` VALUES (1,'C/Tornillo 15','28225','Madrid','Madrid',1),(2,'C/Biela 13','28224','Pozuelo de Alarcón','Madrid',3),(3,'C/Rueda','08080','Barcelona','Barcelona',2),(4,'C/Tapacubos','08080','Barcelona','Barcelona',2);
/*!40000 ALTER TABLE `direcciones` ENABLE KEYS */;
UNLOCK TABLES;

--
-- Table structure for table `empleados`
--

DROP TABLE IF EXISTS `empleados`;
/*!40101 SET @saved_cs_client     = @@character_set_client */;
/*!40101 SET character_set_client = utf8 */;
CREATE TABLE `empleados` (
  `idempleados` int(11) NOT NULL AUTO_INCREMENT,
  `codEmpleado` varchar(45) NOT NULL,
  `salario` varchar(45) DEFAULT NULL,
  `fechaAlta` timestamp NULL DEFAULT NULL,
  `idDepartamento` int(11) DEFAULT NULL,
  `idCategoria` int(11) DEFAULT NULL,
  PRIMARY KEY (`idempleados`),
  KEY `FK_emp_dep` (`idDepartamento`),
  KEY `FK_emp_cat` (`idCategoria`),
  CONSTRAINT `FK_emp_cat` FOREIGN KEY (`idCategoria`) REFERENCES `categorias` (`idcategorias`) ON DELETE NO ACTION ON UPDATE NO ACTION,
  CONSTRAINT `FK_emp_dep` FOREIGN KEY (`idDepartamento`) REFERENCES `departamentos` (`iddepartamento`) ON DELETE NO ACTION ON UPDATE NO ACTION
) ENGINE=InnoDB AUTO_INCREMENT=4 DEFAULT CHARSET=latin1;
/*!40101 SET character_set_client = @saved_cs_client */;

--
-- Dumping data for table `empleados`
--

LOCK TABLES `empleados` WRITE;
/*!40000 ALTER TABLE `empleados` DISABLE KEYS */;
INSERT INTO `empleados` VALUES (1,'A123','18000','2014-12-10 22:00:00',1,3),(2,'A126','20000','2013-11-24 22:00:00',2,1),(3,'A240','40000','2012-08-09 20:00:00',4,6);
/*!40000 ALTER TABLE `empleados` ENABLE KEYS */;
UNLOCK TABLES;

--
-- Table structure for table `personas`
--

DROP TABLE IF EXISTS `personas`;
/*!40101 SET @saved_cs_client     = @@character_set_client */;
/*!40101 SET character_set_client = utf8 */;
CREATE TABLE `personas` (
  `idpersonas` int(11) NOT NULL AUTO_INCREMENT,
  `nombre` varchar(45) NOT NULL,
  `apellido1` varchar(45) NOT NULL,
  `apellido2` varchar(45) DEFAULT NULL,
  `dni` varchar(20) DEFAULT NULL,
  `fechaNacimiento` date DEFAULT NULL,
  `idEmpleado` int(11) DEFAULT NULL,
  PRIMARY KEY (`idpersonas`),
  KEY `FK_per_emp` (`idEmpleado`),
  CONSTRAINT `FK_per_emp` FOREIGN KEY (`idEmpleado`) REFERENCES `empleados` (`idempleados`) ON DELETE CASCADE ON UPDATE CASCADE
) ENGINE=InnoDB AUTO_INCREMENT=4 DEFAULT CHARSET=latin1;
/*!40101 SET character_set_client = @saved_cs_client */;

--
-- Dumping data for table `personas`
--

LOCK TABLES `personas` WRITE;
/*!40000 ALTER TABLE `personas` DISABLE KEYS */;
INSERT INTO `personas` VALUES (1,'Luis','Rodriguez','Sanchez','123','2012-12-10',2),(2,'Manuel','Sánchez','Ferlosio','4564','2012-12-11',1),(3,'Antonio','Herranz','Pérez','789','2012-12-12',3);
/*!40000 ALTER TABLE `personas` ENABLE KEYS */;
UNLOCK TABLES;

--
-- Table structure for table `telefonos`
--

DROP TABLE IF EXISTS `telefonos`;
/*!40101 SET @saved_cs_client     = @@character_set_client */;
/*!40101 SET character_set_client = utf8 */;
CREATE TABLE `telefonos` (
  `idtelefonos` int(11) NOT NULL AUTO_INCREMENT,
  `telefono` varchar(45) DEFAULT NULL,
  `idPersona` int(11) DEFAULT NULL,
  PRIMARY KEY (`idtelefonos`),
  KEY `FK_tel_persona` (`idPersona`),
  CONSTRAINT `FK_tel_persona` FOREIGN KEY (`idPersona`) REFERENCES `personas` (`idpersonas`) ON DELETE CASCADE ON UPDATE CASCADE
) ENGINE=InnoDB AUTO_INCREMENT=10 DEFAULT CHARSET=latin1;
/*!40101 SET character_set_client = @saved_cs_client */;

--
-- Dumping data for table `telefonos`
--

LOCK TABLES `telefonos` WRITE;
/*!40000 ALTER TABLE `telefonos` DISABLE KEYS */;
INSERT INTO `telefonos` VALUES (1,'123456789',2),(2,'345345433',2),(3,'678654332',3),(4,'445543433',1),(5,'567567765',1),(6,'656573111',1);
/*!40000 ALTER TABLE `telefonos` ENABLE KEYS */;
UNLOCK TABLES;
/*!40103 SET TIME_ZONE=@OLD_TIME_ZONE */;

/*!40101 SET SQL_MODE=@OLD_SQL_MODE */;
/*!40014 SET FOREIGN_KEY_CHECKS=@OLD_FOREIGN_KEY_CHECKS */;
/*!40014 SET UNIQUE_CHECKS=@OLD_UNIQUE_CHECKS */;
/*!40101 SET CHARACTER_SET_CLIENT=@OLD_CHARACTER_SET_CLIENT */;
/*!40101 SET CHARACTER_SET_RESULTS=@OLD_CHARACTER_SET_RESULTS */;
/*!40101 SET COLLATION_CONNECTION=@OLD_COLLATION_CONNECTION */;
/*!40111 SET SQL_NOTES=@OLD_SQL_NOTES */;

-- Dump completed on 2017-07-13 17:05:20
